{"supervisor.alive": true, "supervisor.hb": 1774569251.8823628, "supervisor.check.ts": 1774569206.857472, "supervisor.preflight.v": 1, "supervisor.preflight.ts": 1774569087.224412}