{"supervisor.alive": true, "supervisor.hb": 1774570499.748518, "supervisor.check.ts": 1774570499.682505, "supervisor.preflight.v": 1, "supervisor.preflight.ts": 1774570140.04217}