{"supervisor.alive": true, "supervisor.hb": 1774570574.763756, "supervisor.check.ts": 1774570559.687407, "supervisor.preflight.v": 1, "supervisor.preflight.ts": 1774570140.04217}