{"supervisor.alive": true, "supervisor.hb": 1774576307.346011, "supervisor.check.ts": 1774576307.34561, "supervisor.preflight.v": 1, "supervisor.preflight.ts": 1774576247.697269}