{"supervisor.alive": true, "supervisor.hb": 1774569161.865233, "supervisor.check.ts": 1774569146.852662, "supervisor.preflight.v": 1, "supervisor.preflight.ts": 1774569087.224412}