{"supervisor.alive": true, "supervisor.hb": 1774575406.679293, "supervisor.check.ts": 1774575376.661248, "supervisor.preflight.v": 1, "supervisor.preflight.ts": 1774575317.0228212}