{"supervisor.alive": true, "supervisor.hb": 1774576534.899445, "supervisor.check.ts": 1774576489.868507, "supervisor.preflight.v": 1, "supervisor.preflight.ts": 1774576370.2396832}