{"supervisor.alive": true, "supervisor.hb": 1774557155.963634, "supervisor.check.ts": 1774557110.697109, "supervisor.preflight.v": 5, "supervisor.preflight.ts": 1774555610.948203}