{"supervisor.alive": true, "supervisor.hb": 1774553242.9241579, "supervisor.check.ts": 1774553242.917904, "supervisor.preflight.v": 1, "supervisor.preflight.ts": 1774553183.2431722}