{"supervisor.alive": true, "supervisor.hb": 1774569086.850923, "supervisor.check.ts": 1774569086.846325, "supervisor.preflight.v": 1, "supervisor.preflight.ts": 1774569087.224412}