{"supervisor.alive": true, "supervisor.hb": 1774575496.701953, "supervisor.check.ts": 1774575496.668708, "supervisor.preflight.v": 1, "supervisor.preflight.ts": 1774575317.0228212}