{"supervisor.alive": true, "supervisor.hb": 1774553482.9859688, "supervisor.check.ts": 1774553482.9233751, "supervisor.preflight.v": 1, "supervisor.preflight.ts": 1774553183.2431722}