{"supervisor.alive": true, "supervisor.hb": 1774556330.760778, "supervisor.check.ts": 1774556330.653345, "supervisor.preflight.v": 5, "supervisor.preflight.ts": 1774555610.948203}