{"supervisor.alive": true, "supervisor.hb": 1774570244.687454, "supervisor.check.ts": 1774570199.664038, "supervisor.preflight.v": 1, "supervisor.preflight.ts": 1774570140.04217}